<?xml version="1.0" encoding="UTF-8"?>
<!DOCTYPE configuration PUBLIC "-//mybatis.org//DTO Config 3.0//EN" "http://mybatis.org/dtd/mybatis-3-config.dtd">
<!-- XML配置文件包含对 Mybatis 系统的核心设置 -->
<configuration>
    <!-- 指定 Mybatis 所用日志的具体实现 -->
    <settings>
        <setting name="logImpl" value="LOG4j" />
    </settings>
    <!-- 环境配置，即连接的数据库 -->
    <environments default="mysql">
        <environment id="mysql">
            <!-- 指定事务管理类型 -->
            <!-- 这里简单的使用JDBC的提交和回滚 -->
            <transactionManager type="JDBC" />
            <!-- POOLED 是 JDBC 的数据源连接池的实现 -->
            <dataSource type="POOLED">
                <property name="driver" value="com.mysql.jdbc.Driver" />
                <property name="url" value="jdbc:mysql://127.0.0.1:3306/mybatis" />
                <property name="username" value="root" />
                <property name="password" value="123456" />
            </dataSource>
        </environment>
    </environments>
    <!-- mappers 告诉Mybatis 去哪里 找持久化类的映射文件 -->
    <mappers>
        <mapper resource="mapper/UserMapper.xml" />
    </mappers>
</configuration>