<?xml version="1.0" encoding="UTF-8"?>
<beans xmlns="http://www.springframework.org/schema/beans"
       xmlns:xsi="http://www.w3.org/2001/XMLSchema-instance"
       xmlns:aop="http://www.springframework.org/schema/aop"
       xsi:schemaLocation="
        http://www.springframework.org/schema/beans http://www.springframework.org/schema/beans/spring-beans.xsd
        http://www.springframework.org/schema/aop http://www.springframework.org/schema/aop/spring-aop.xsd">

    <!--    创建目标类 target  的bean  -->
    <bean name="productService" class="xyz.zhongzj.service.ProductService"/>
    <!--    创建 增强类 的bean -->
    <bean name="myAdvice" class="xyz.zhongzj.advice.MyAdvice"/>

    <!--    正式织入 -->

    <aop:config>
        <!--      切点   -->
        <aop:pointcut id="addPointcut" expression="execution(public void xyz.zhongzj.service.ProductService.add())"/>

        <!--    配置切面  -->
        <!--      ref 指向 增强类   -->
        <aop:aspect ref="myAdvice">
            <!--   pointcut-ref 指向切点         -->
            <aop:before method="before" pointcut-ref="addPointcut"/>
            <aop:after method="after" pointcut-ref="addPointcut"/>
        </aop:aspect>

    </aop:config>

</beans>